,stop_loss,take_profit,ema_filter,atr_max_mult,Total Return,Final Equity,Error
0,25,50,50,1.5,0.0,100000.0,CuPy failed to load nvrtc64_120_0.dll: FileNotFoundError: Could not find module 'nvrtc64_120_0.dll' (or one of its dependencies). Try using the full path with constructor syntax.
1,25,50,50,2.0,0.0,100000.0,CuPy failed to load nvrtc64_120_0.dll: FileNotFoundError: Could not find module 'nvrtc64_120_0.dll' (or one of its dependencies). Try using the full path with constructor syntax.
2,25,50,50,3.0,0.0,100000.0,CuPy failed to load nvrtc64_120_0.dll: FileNotFoundError: Could not find module 'nvrtc64_120_0.dll' (or one of its dependencies). Try using the full path with constructor syntax.
3,25,50,50,5.0,0.0,100000.0,CuPy failed to load nvrtc64_120_0.dll: FileNotFoundError: Could not find module 'nvrtc64_120_0.dll' (or one of its dependencies). Try using the full path with constructor syntax.
4,25,50,100,1.5,0.0,100000.0,CuPy failed to load nvrtc64_120_0.dll: FileNotFoundError: Could not find module 'nvrtc64_120_0.dll' (or one of its dependencies). Try using the full path with constructor syntax.
5,25,50,100,2.0,0.0,100000.0,CuPy failed to load nvrtc64_120_0.dll: FileNotFoundError: Could not find module 'nvrtc64_120_0.dll' (or one of its dependencies). Try using the full path with constructor syntax.
6,25,50,100,3.0,0.0,100000.0,CuPy failed to load nvrtc64_120_0.dll: FileNotFoundError: Could not find module 'nvrtc64_120_0.dll' (or one of its dependencies). Try using the full path with constructor syntax.
7,25,50,100,5.0,0.0,100000.0,CuPy failed to load nvrtc64_120_0.dll: FileNotFoundError: Could not find module 'nvrtc64_120_0.dll' (or one of its dependencies). Try using the full path with constructor syntax.
8,25,50,200,1.5,0.0,100000.0,CuPy failed to load nvrtc64_120_0.dll: FileNotFoundError: Could not find module 'nvrtc64_120_0.dll' (or one of its dependencies). Try using the full path with constructor syntax.
9,25,50,200,2.0,0.0,100000.0,CuPy failed to load nvrtc64_120_0.dll: FileNotFoundError: Could not find module 'nvrtc64_120_0.dll' (or one of its dependencies). Try using the full path with constructor syntax.
10,25,50,200,3.0,0.0,100000.0,CuPy failed to load nvrtc64_120_0.dll: FileNotFoundError: Could not find module 'nvrtc64_120_0.dll' (or one of its dependencies). Try using the full path with constructor syntax.
11,25,50,200,5.0,0.0,100000.0,CuPy failed to load nvrtc64_120_0.dll: FileNotFoundError: Could not find module 'nvrtc64_120_0.dll' (or one of its dependencies). Try using the full path with constructor syntax.
12,25,50,500,1.5,0.0,100000.0,CuPy failed to load nvrtc64_120_0.dll: FileNotFoundError: Could not find module 'nvrtc64_120_0.dll' (or one of its dependencies). Try using the full path with constructor syntax.
13,25,50,500,2.0,0.0,100000.0,CuPy failed to load nvrtc64_120_0.dll: FileNotFoundError: Could not find module 'nvrtc64_120_0.dll' (or one of its dependencies). Try using the full path with constructor syntax.
14,25,50,500,3.0,0.0,100000.0,CuPy failed to load nvrtc64_120_0.dll: FileNotFoundError: Could not find module 'nvrtc64_120_0.dll' (or one of its dependencies). Try using the full path with constructor syntax.
15,25,50,500,5.0,0.0,100000.0,CuPy failed to load nvrtc64_120_0.dll: FileNotFoundError: Could not find module 'nvrtc64_120_0.dll' (or one of its dependencies). Try using the full path with constructor syntax.
16,25,100,50,1.5,0.0,100000.0,CuPy failed to load nvrtc64_120_0.dll: FileNotFoundError: Could not find module 'nvrtc64_120_0.dll' (or one of its dependencies). Try using the full path with constructor syntax.
17,25,100,50,2.0,0.0,100000.0,CuPy failed to load nvrtc64_120_0.dll: FileNotFoundError: Could not find module 'nvrtc64_120_0.dll' (or one of its dependencies). Try using the full path with constructor syntax.
18,25,100,50,3.0,0.0,100000.0,CuPy failed to load nvrtc64_120_0.dll: FileNotFoundError: Could not find module 'nvrtc64_120_0.dll' (or one of its dependencies). Try using the full path with constructor syntax.
19,25,100,50,5.0,0.0,100000.0,CuPy failed to load nvrtc64_120_0.dll: FileNotFoundError: Could not find module 'nvrtc64_120_0.dll' (or one of its dependencies). Try using the full path with constructor syntax.
20,25,100,100,1.5,0.0,100000.0,CuPy failed to load nvrtc64_120_0.dll: FileNotFoundError: Could not find module 'nvrtc64_120_0.dll' (or one of its dependencies). Try using the full path with constructor syntax.
21,25,100,100,2.0,0.0,100000.0,CuPy failed to load nvrtc64_120_0.dll: FileNotFoundError: Could not find module 'nvrtc64_120_0.dll' (or one of its dependencies). Try using the full path with constructor syntax.
22,25,100,100,3.0,0.0,100000.0,CuPy failed to load nvrtc64_120_0.dll: FileNotFoundError: Could not find module 'nvrtc64_120_0.dll' (or one of its dependencies). Try using the full path with constructor syntax.
23,25,100,100,5.0,0.0,100000.0,CuPy failed to load nvrtc64_120_0.dll: FileNotFoundError: Could not find module 'nvrtc64_120_0.dll' (or one of its dependencies). Try using the full path with constructor syntax.
24,25,100,200,1.5,0.0,100000.0,CuPy failed to load nvrtc64_120_0.dll: FileNotFoundError: Could not find module 'nvrtc64_120_0.dll' (or one of its dependencies). Try using the full path with constructor syntax.
25,25,100,200,2.0,0.0,100000.0,CuPy failed to load nvrtc64_120_0.dll: FileNotFoundError: Could not find module 'nvrtc64_120_0.dll' (or one of its dependencies). Try using the full path with constructor syntax.
26,25,100,200,3.0,0.0,100000.0,CuPy failed to load nvrtc64_120_0.dll: FileNotFoundError: Could not find module 'nvrtc64_120_0.dll' (or one of its dependencies). Try using the full path with constructor syntax.
27,25,100,200,5.0,0.0,100000.0,CuPy failed to load nvrtc64_120_0.dll: FileNotFoundError: Could not find module 'nvrtc64_120_0.dll' (or one of its dependencies). Try using the full path with constructor syntax.
28,25,100,500,1.5,0.0,100000.0,CuPy failed to load nvrtc64_120_0.dll: FileNotFoundError: Could not find module 'nvrtc64_120_0.dll' (or one of its dependencies). Try using the full path with constructor syntax.
29,25,100,500,2.0,0.0,100000.0,CuPy failed to load nvrtc64_120_0.dll: FileNotFoundError: Could not find module 'nvrtc64_120_0.dll' (or one of its dependencies). Try using the full path with constructor syntax.
30,25,100,500,3.0,0.0,100000.0,CuPy failed to load nvrtc64_120_0.dll: FileNotFoundError: Could not find module 'nvrtc64_120_0.dll' (or one of its dependencies). Try using the full path with constructor syntax.
31,25,100,500,5.0,0.0,100000.0,CuPy failed to load nvrtc64_120_0.dll: FileNotFoundError: Could not find module 'nvrtc64_120_0.dll' (or one of its dependencies). Try using the full path with constructor syntax.
32,25,150,50,1.5,0.0,100000.0,CuPy failed to load nvrtc64_120_0.dll: FileNotFoundError: Could not find module 'nvrtc64_120_0.dll' (or one of its dependencies). Try using the full path with constructor syntax.
33,25,150,50,2.0,0.0,100000.0,CuPy failed to load nvrtc64_120_0.dll: FileNotFoundError: Could not find module 'nvrtc64_120_0.dll' (or one of its dependencies). Try using the full path with constructor syntax.
34,25,150,50,3.0,0.0,100000.0,CuPy failed to load nvrtc64_120_0.dll: FileNotFoundError: Could not find module 'nvrtc64_120_0.dll' (or one of its dependencies). Try using the full path with constructor syntax.
35,25,150,50,5.0,0.0,100000.0,CuPy failed to load nvrtc64_120_0.dll: FileNotFoundError: Could not find module 'nvrtc64_120_0.dll' (or one of its dependencies). Try using the full path with constructor syntax.
36,25,150,100,1.5,0.0,100000.0,CuPy failed to load nvrtc64_120_0.dll: FileNotFoundError: Could not find module 'nvrtc64_120_0.dll' (or one of its dependencies). Try using the full path with constructor syntax.
37,25,150,100,2.0,0.0,100000.0,CuPy failed to load nvrtc64_120_0.dll: FileNotFoundError: Could not find module 'nvrtc64_120_0.dll' (or one of its dependencies). Try using the full path with constructor syntax.
38,25,150,100,3.0,0.0,100000.0,CuPy failed to load nvrtc64_120_0.dll: FileNotFoundError: Could not find module 'nvrtc64_120_0.dll' (or one of its dependencies). Try using the full path with constructor syntax.
39,25,150,100,5.0,0.0,100000.0,CuPy failed to load nvrtc64_120_0.dll: FileNotFoundError: Could not find module 'nvrtc64_120_0.dll' (or one of its dependencies). Try using the full path with constructor syntax.
40,25,150,200,1.5,0.0,100000.0,CuPy failed to load nvrtc64_120_0.dll: FileNotFoundError: Could not find module 'nvrtc64_120_0.dll' (or one of its dependencies). Try using the full path with constructor syntax.
41,25,150,200,2.0,0.0,100000.0,CuPy failed to load nvrtc64_120_0.dll: FileNotFoundError: Could not find module 'nvrtc64_120_0.dll' (or one of its dependencies). Try using the full path with constructor syntax.
42,25,150,200,3.0,0.0,100000.0,CuPy failed to load nvrtc64_120_0.dll: FileNotFoundError: Could not find module 'nvrtc64_120_0.dll' (or one of its dependencies). Try using the full path with constructor syntax.
43,25,150,200,5.0,0.0,100000.0,CuPy failed to load nvrtc64_120_0.dll: FileNotFoundError: Could not find module 'nvrtc64_120_0.dll' (or one of its dependencies). Try using the full path with constructor syntax.
44,25,150,500,1.5,0.0,100000.0,CuPy failed to load nvrtc64_120_0.dll: FileNotFoundError: Could not find module 'nvrtc64_120_0.dll' (or one of its dependencies). Try using the full path with constructor syntax.
45,25,150,500,2.0,0.0,100000.0,CuPy failed to load nvrtc64_120_0.dll: FileNotFoundError: Could not find module 'nvrtc64_120_0.dll' (or one of its dependencies). Try using the full path with constructor syntax.
46,25,150,500,3.0,0.0,100000.0,CuPy failed to load nvrtc64_120_0.dll: FileNotFoundError: Could not find module 'nvrtc64_120_0.dll' (or one of its dependencies). Try using the full path with constructor syntax.
47,25,150,500,5.0,0.0,100000.0,CuPy failed to load nvrtc64_120_0.dll: FileNotFoundError: Could not find module 'nvrtc64_120_0.dll' (or one of its dependencies). Try using the full path with constructor syntax.
48,25,200,50,1.5,0.0,100000.0,CuPy failed to load nvrtc64_120_0.dll: FileNotFoundError: Could not find module 'nvrtc64_120_0.dll' (or one of its dependencies). Try using the full path with constructor syntax.
49,25,200,50,2.0,0.0,100000.0,CuPy failed to load nvrtc64_120_0.dll: FileNotFoundError: Could not find module 'nvrtc64_120_0.dll' (or one of its dependencies). Try using the full path with constructor syntax.
50,25,200,50,3.0,0.0,100000.0,CuPy failed to load nvrtc64_120_0.dll: FileNotFoundError: Could not find module 'nvrtc64_120_0.dll' (or one of its dependencies). Try using the full path with constructor syntax.
51,25,200,50,5.0,0.0,100000.0,CuPy failed to load nvrtc64_120_0.dll: FileNotFoundError: Could not find module 'nvrtc64_120_0.dll' (or one of its dependencies). Try using the full path with constructor syntax.
52,25,200,100,1.5,0.0,100000.0,CuPy failed to load nvrtc64_120_0.dll: FileNotFoundError: Could not find module 'nvrtc64_120_0.dll' (or one of its dependencies). Try using the full path with constructor syntax.
53,25,200,100,2.0,0.0,100000.0,CuPy failed to load nvrtc64_120_0.dll: FileNotFoundError: Could not find module 'nvrtc64_120_0.dll' (or one of its dependencies). Try using the full path with constructor syntax.
54,25,200,100,3.0,0.0,100000.0,CuPy failed to load nvrtc64_120_0.dll: FileNotFoundError: Could not find module 'nvrtc64_120_0.dll' (or one of its dependencies). Try using the full path with constructor syntax.
55,25,200,100,5.0,0.0,100000.0,CuPy failed to load nvrtc64_120_0.dll: FileNotFoundError: Could not find module 'nvrtc64_120_0.dll' (or one of its dependencies). Try using the full path with constructor syntax.
56,25,200,200,1.5,0.0,100000.0,CuPy failed to load nvrtc64_120_0.dll: FileNotFoundError: Could not find module 'nvrtc64_120_0.dll' (or one of its dependencies). Try using the full path with constructor syntax.
57,25,200,200,2.0,0.0,100000.0,CuPy failed to load nvrtc64_120_0.dll: FileNotFoundError: Could not find module 'nvrtc64_120_0.dll' (or one of its dependencies). Try using the full path with constructor syntax.
58,25,200,200,3.0,0.0,100000.0,CuPy failed to load nvrtc64_120_0.dll: FileNotFoundError: Could not find module 'nvrtc64_120_0.dll' (or one of its dependencies). Try using the full path with constructor syntax.
59,25,200,200,5.0,0.0,100000.0,CuPy failed to load nvrtc64_120_0.dll: FileNotFoundError: Could not find module 'nvrtc64_120_0.dll' (or one of its dependencies). Try using the full path with constructor syntax.
60,25,200,500,1.5,0.0,100000.0,CuPy failed to load nvrtc64_120_0.dll: FileNotFoundError: Could not find module 'nvrtc64_120_0.dll' (or one of its dependencies). Try using the full path with constructor syntax.
61,25,200,500,2.0,0.0,100000.0,CuPy failed to load nvrtc64_120_0.dll: FileNotFoundError: Could not find module 'nvrtc64_120_0.dll' (or one of its dependencies). Try using the full path with constructor syntax.
62,25,200,500,3.0,0.0,100000.0,CuPy failed to load nvrtc64_120_0.dll: FileNotFoundError: Could not find module 'nvrtc64_120_0.dll' (or one of its dependencies). Try using the full path with constructor syntax.
63,25,200,500,5.0,0.0,100000.0,CuPy failed to load nvrtc64_120_0.dll: FileNotFoundError: Could not find module 'nvrtc64_120_0.dll' (or one of its dependencies). Try using the full path with constructor syntax.
64,50,50,50,1.5,0.0,100000.0,CuPy failed to load nvrtc64_120_0.dll: FileNotFoundError: Could not find module 'nvrtc64_120_0.dll' (or one of its dependencies). Try using the full path with constructor syntax.
65,50,50,50,2.0,0.0,100000.0,CuPy failed to load nvrtc64_120_0.dll: FileNotFoundError: Could not find module 'nvrtc64_120_0.dll' (or one of its dependencies). Try using the full path with constructor syntax.
66,50,50,50,3.0,0.0,100000.0,CuPy failed to load nvrtc64_120_0.dll: FileNotFoundError: Could not find module 'nvrtc64_120_0.dll' (or one of its dependencies). Try using the full path with constructor syntax.
67,50,50,50,5.0,0.0,100000.0,CuPy failed to load nvrtc64_120_0.dll: FileNotFoundError: Could not find module 'nvrtc64_120_0.dll' (or one of its dependencies). Try using the full path with constructor syntax.
68,50,50,100,1.5,0.0,100000.0,CuPy failed to load nvrtc64_120_0.dll: FileNotFoundError: Could not find module 'nvrtc64_120_0.dll' (or one of its dependencies). Try using the full path with constructor syntax.
69,50,50,100,2.0,0.0,100000.0,CuPy failed to load nvrtc64_120_0.dll: FileNotFoundError: Could not find module 'nvrtc64_120_0.dll' (or one of its dependencies). Try using the full path with constructor syntax.
70,50,50,100,3.0,0.0,100000.0,CuPy failed to load nvrtc64_120_0.dll: FileNotFoundError: Could not find module 'nvrtc64_120_0.dll' (or one of its dependencies). Try using the full path with constructor syntax.
71,50,50,100,5.0,0.0,100000.0,CuPy failed to load nvrtc64_120_0.dll: FileNotFoundError: Could not find module 'nvrtc64_120_0.dll' (or one of its dependencies). Try using the full path with constructor syntax.
72,50,50,200,1.5,0.0,100000.0,CuPy failed to load nvrtc64_120_0.dll: FileNotFoundError: Could not find module 'nvrtc64_120_0.dll' (or one of its dependencies). Try using the full path with constructor syntax.
73,50,50,200,2.0,0.0,100000.0,CuPy failed to load nvrtc64_120_0.dll: FileNotFoundError: Could not find module 'nvrtc64_120_0.dll' (or one of its dependencies). Try using the full path with constructor syntax.
74,50,50,200,3.0,0.0,100000.0,CuPy failed to load nvrtc64_120_0.dll: FileNotFoundError: Could not find module 'nvrtc64_120_0.dll' (or one of its dependencies). Try using the full path with constructor syntax.
75,50,50,200,5.0,0.0,100000.0,CuPy failed to load nvrtc64_120_0.dll: FileNotFoundError: Could not find module 'nvrtc64_120_0.dll' (or one of its dependencies). Try using the full path with constructor syntax.
76,50,50,500,1.5,0.0,100000.0,CuPy failed to load nvrtc64_120_0.dll: FileNotFoundError: Could not find module 'nvrtc64_120_0.dll' (or one of its dependencies). Try using the full path with constructor syntax.
77,50,50,500,2.0,0.0,100000.0,CuPy failed to load nvrtc64_120_0.dll: FileNotFoundError: Could not find module 'nvrtc64_120_0.dll' (or one of its dependencies). Try using the full path with constructor syntax.
78,50,50,500,3.0,0.0,100000.0,CuPy failed to load nvrtc64_120_0.dll: FileNotFoundError: Could not find module 'nvrtc64_120_0.dll' (or one of its dependencies). Try using the full path with constructor syntax.
79,50,50,500,5.0,0.0,100000.0,CuPy failed to load nvrtc64_120_0.dll: FileNotFoundError: Could not find module 'nvrtc64_120_0.dll' (or one of its dependencies). Try using the full path with constructor syntax.
80,50,100,50,1.5,0.0,100000.0,CuPy failed to load nvrtc64_120_0.dll: FileNotFoundError: Could not find module 'nvrtc64_120_0.dll' (or one of its dependencies). Try using the full path with constructor syntax.
81,50,100,50,2.0,0.0,100000.0,CuPy failed to load nvrtc64_120_0.dll: FileNotFoundError: Could not find module 'nvrtc64_120_0.dll' (or one of its dependencies). Try using the full path with constructor syntax.
82,50,100,50,3.0,0.0,100000.0,CuPy failed to load nvrtc64_120_0.dll: FileNotFoundError: Could not find module 'nvrtc64_120_0.dll' (or one of its dependencies). Try using the full path with constructor syntax.
83,50,100,50,5.0,0.0,100000.0,CuPy failed to load nvrtc64_120_0.dll: FileNotFoundError: Could not find module 'nvrtc64_120_0.dll' (or one of its dependencies). Try using the full path with constructor syntax.
84,50,100,100,1.5,0.0,100000.0,CuPy failed to load nvrtc64_120_0.dll: FileNotFoundError: Could not find module 'nvrtc64_120_0.dll' (or one of its dependencies). Try using the full path with constructor syntax.
85,50,100,100,2.0,0.0,100000.0,CuPy failed to load nvrtc64_120_0.dll: FileNotFoundError: Could not find module 'nvrtc64_120_0.dll' (or one of its dependencies). Try using the full path with constructor syntax.
86,50,100,100,3.0,0.0,100000.0,CuPy failed to load nvrtc64_120_0.dll: FileNotFoundError: Could not find module 'nvrtc64_120_0.dll' (or one of its dependencies). Try using the full path with constructor syntax.
87,50,100,100,5.0,0.0,100000.0,CuPy failed to load nvrtc64_120_0.dll: FileNotFoundError: Could not find module 'nvrtc64_120_0.dll' (or one of its dependencies). Try using the full path with constructor syntax.
88,50,100,200,1.5,0.0,100000.0,CuPy failed to load nvrtc64_120_0.dll: FileNotFoundError: Could not find module 'nvrtc64_120_0.dll' (or one of its dependencies). Try using the full path with constructor syntax.
89,50,100,200,2.0,0.0,100000.0,CuPy failed to load nvrtc64_120_0.dll: FileNotFoundError: Could not find module 'nvrtc64_120_0.dll' (or one of its dependencies). Try using the full path with constructor syntax.
90,50,100,200,3.0,0.0,100000.0,CuPy failed to load nvrtc64_120_0.dll: FileNotFoundError: Could not find module 'nvrtc64_120_0.dll' (or one of its dependencies). Try using the full path with constructor syntax.
91,50,100,200,5.0,0.0,100000.0,CuPy failed to load nvrtc64_120_0.dll: FileNotFoundError: Could not find module 'nvrtc64_120_0.dll' (or one of its dependencies). Try using the full path with constructor syntax.
92,50,100,500,1.5,0.0,100000.0,CuPy failed to load nvrtc64_120_0.dll: FileNotFoundError: Could not find module 'nvrtc64_120_0.dll' (or one of its dependencies). Try using the full path with constructor syntax.
93,50,100,500,2.0,0.0,100000.0,CuPy failed to load nvrtc64_120_0.dll: FileNotFoundError: Could not find module 'nvrtc64_120_0.dll' (or one of its dependencies). Try using the full path with constructor syntax.
94,50,100,500,3.0,0.0,100000.0,CuPy failed to load nvrtc64_120_0.dll: FileNotFoundError: Could not find module 'nvrtc64_120_0.dll' (or one of its dependencies). Try using the full path with constructor syntax.
95,50,100,500,5.0,0.0,100000.0,CuPy failed to load nvrtc64_120_0.dll: FileNotFoundError: Could not find module 'nvrtc64_120_0.dll' (or one of its dependencies). Try using the full path with constructor syntax.
96,50,150,50,1.5,0.0,100000.0,CuPy failed to load nvrtc64_120_0.dll: FileNotFoundError: Could not find module 'nvrtc64_120_0.dll' (or one of its dependencies). Try using the full path with constructor syntax.
97,50,150,50,2.0,0.0,100000.0,CuPy failed to load nvrtc64_120_0.dll: FileNotFoundError: Could not find module 'nvrtc64_120_0.dll' (or one of its dependencies). Try using the full path with constructor syntax.
98,50,150,50,3.0,0.0,100000.0,CuPy failed to load nvrtc64_120_0.dll: FileNotFoundError: Could not find module 'nvrtc64_120_0.dll' (or one of its dependencies). Try using the full path with constructor syntax.
99,50,150,50,5.0,0.0,100000.0,CuPy failed to load nvrtc64_120_0.dll: FileNotFoundError: Could not find module 'nvrtc64_120_0.dll' (or one of its dependencies). Try using the full path with constructor syntax.
100,50,150,100,1.5,0.0,100000.0,CuPy failed to load nvrtc64_120_0.dll: FileNotFoundError: Could not find module 'nvrtc64_120_0.dll' (or one of its dependencies). Try using the full path with constructor syntax.
101,50,150,100,2.0,0.0,100000.0,CuPy failed to load nvrtc64_120_0.dll: FileNotFoundError: Could not find module 'nvrtc64_120_0.dll' (or one of its dependencies). Try using the full path with constructor syntax.
102,50,150,100,3.0,0.0,100000.0,CuPy failed to load nvrtc64_120_0.dll: FileNotFoundError: Could not find module 'nvrtc64_120_0.dll' (or one of its dependencies). Try using the full path with constructor syntax.
103,50,150,100,5.0,0.0,100000.0,CuPy failed to load nvrtc64_120_0.dll: FileNotFoundError: Could not find module 'nvrtc64_120_0.dll' (or one of its dependencies). Try using the full path with constructor syntax.
104,50,150,200,1.5,0.0,100000.0,CuPy failed to load nvrtc64_120_0.dll: FileNotFoundError: Could not find module 'nvrtc64_120_0.dll' (or one of its dependencies). Try using the full path with constructor syntax.
105,50,150,200,2.0,0.0,100000.0,CuPy failed to load nvrtc64_120_0.dll: FileNotFoundError: Could not find module 'nvrtc64_120_0.dll' (or one of its dependencies). Try using the full path with constructor syntax.
106,50,150,200,3.0,0.0,100000.0,CuPy failed to load nvrtc64_120_0.dll: FileNotFoundError: Could not find module 'nvrtc64_120_0.dll' (or one of its dependencies). Try using the full path with constructor syntax.
107,50,150,200,5.0,0.0,100000.0,CuPy failed to load nvrtc64_120_0.dll: FileNotFoundError: Could not find module 'nvrtc64_120_0.dll' (or one of its dependencies). Try using the full path with constructor syntax.
108,50,150,500,1.5,0.0,100000.0,CuPy failed to load nvrtc64_120_0.dll: FileNotFoundError: Could not find module 'nvrtc64_120_0.dll' (or one of its dependencies). Try using the full path with constructor syntax.
109,50,150,500,2.0,0.0,100000.0,CuPy failed to load nvrtc64_120_0.dll: FileNotFoundError: Could not find module 'nvrtc64_120_0.dll' (or one of its dependencies). Try using the full path with constructor syntax.
110,50,150,500,3.0,0.0,100000.0,CuPy failed to load nvrtc64_120_0.dll: FileNotFoundError: Could not find module 'nvrtc64_120_0.dll' (or one of its dependencies). Try using the full path with constructor syntax.
111,50,150,500,5.0,0.0,100000.0,CuPy failed to load nvrtc64_120_0.dll: FileNotFoundError: Could not find module 'nvrtc64_120_0.dll' (or one of its dependencies). Try using the full path with constructor syntax.
112,50,200,50,1.5,0.0,100000.0,CuPy failed to load nvrtc64_120_0.dll: FileNotFoundError: Could not find module 'nvrtc64_120_0.dll' (or one of its dependencies). Try using the full path with constructor syntax.
113,50,200,50,2.0,0.0,100000.0,CuPy failed to load nvrtc64_120_0.dll: FileNotFoundError: Could not find module 'nvrtc64_120_0.dll' (or one of its dependencies). Try using the full path with constructor syntax.
114,50,200,50,3.0,0.0,100000.0,CuPy failed to load nvrtc64_120_0.dll: FileNotFoundError: Could not find module 'nvrtc64_120_0.dll' (or one of its dependencies). Try using the full path with constructor syntax.
115,50,200,50,5.0,0.0,100000.0,CuPy failed to load nvrtc64_120_0.dll: FileNotFoundError: Could not find module 'nvrtc64_120_0.dll' (or one of its dependencies). Try using the full path with constructor syntax.
116,50,200,100,1.5,0.0,100000.0,CuPy failed to load nvrtc64_120_0.dll: FileNotFoundError: Could not find module 'nvrtc64_120_0.dll' (or one of its dependencies). Try using the full path with constructor syntax.
117,50,200,100,2.0,0.0,100000.0,CuPy failed to load nvrtc64_120_0.dll: FileNotFoundError: Could not find module 'nvrtc64_120_0.dll' (or one of its dependencies). Try using the full path with constructor syntax.
118,50,200,100,3.0,0.0,100000.0,CuPy failed to load nvrtc64_120_0.dll: FileNotFoundError: Could not find module 'nvrtc64_120_0.dll' (or one of its dependencies). Try using the full path with constructor syntax.
119,50,200,100,5.0,0.0,100000.0,CuPy failed to load nvrtc64_120_0.dll: FileNotFoundError: Could not find module 'nvrtc64_120_0.dll' (or one of its dependencies). Try using the full path with constructor syntax.
120,50,200,200,1.5,0.0,100000.0,CuPy failed to load nvrtc64_120_0.dll: FileNotFoundError: Could not find module 'nvrtc64_120_0.dll' (or one of its dependencies). Try using the full path with constructor syntax.
121,50,200,200,2.0,0.0,100000.0,CuPy failed to load nvrtc64_120_0.dll: FileNotFoundError: Could not find module 'nvrtc64_120_0.dll' (or one of its dependencies). Try using the full path with constructor syntax.
122,50,200,200,3.0,0.0,100000.0,CuPy failed to load nvrtc64_120_0.dll: FileNotFoundError: Could not find module 'nvrtc64_120_0.dll' (or one of its dependencies). Try using the full path with constructor syntax.
123,50,200,200,5.0,0.0,100000.0,CuPy failed to load nvrtc64_120_0.dll: FileNotFoundError: Could not find module 'nvrtc64_120_0.dll' (or one of its dependencies). Try using the full path with constructor syntax.
124,50,200,500,1.5,0.0,100000.0,CuPy failed to load nvrtc64_120_0.dll: FileNotFoundError: Could not find module 'nvrtc64_120_0.dll' (or one of its dependencies). Try using the full path with constructor syntax.
125,50,200,500,2.0,0.0,100000.0,CuPy failed to load nvrtc64_120_0.dll: FileNotFoundError: Could not find module 'nvrtc64_120_0.dll' (or one of its dependencies). Try using the full path with constructor syntax.
126,50,200,500,3.0,0.0,100000.0,CuPy failed to load nvrtc64_120_0.dll: FileNotFoundError: Could not find module 'nvrtc64_120_0.dll' (or one of its dependencies). Try using the full path with constructor syntax.
127,50,200,500,5.0,0.0,100000.0,CuPy failed to load nvrtc64_120_0.dll: FileNotFoundError: Could not find module 'nvrtc64_120_0.dll' (or one of its dependencies). Try using the full path with constructor syntax.
128,75,50,50,1.5,0.0,100000.0,CuPy failed to load nvrtc64_120_0.dll: FileNotFoundError: Could not find module 'nvrtc64_120_0.dll' (or one of its dependencies). Try using the full path with constructor syntax.
129,75,50,50,2.0,0.0,100000.0,CuPy failed to load nvrtc64_120_0.dll: FileNotFoundError: Could not find module 'nvrtc64_120_0.dll' (or one of its dependencies). Try using the full path with constructor syntax.
130,75,50,50,3.0,0.0,100000.0,CuPy failed to load nvrtc64_120_0.dll: FileNotFoundError: Could not find module 'nvrtc64_120_0.dll' (or one of its dependencies). Try using the full path with constructor syntax.
131,75,50,50,5.0,0.0,100000.0,CuPy failed to load nvrtc64_120_0.dll: FileNotFoundError: Could not find module 'nvrtc64_120_0.dll' (or one of its dependencies). Try using the full path with constructor syntax.
132,75,50,100,1.5,0.0,100000.0,CuPy failed to load nvrtc64_120_0.dll: FileNotFoundError: Could not find module 'nvrtc64_120_0.dll' (or one of its dependencies). Try using the full path with constructor syntax.
133,75,50,100,2.0,0.0,100000.0,CuPy failed to load nvrtc64_120_0.dll: FileNotFoundError: Could not find module 'nvrtc64_120_0.dll' (or one of its dependencies). Try using the full path with constructor syntax.
134,75,50,100,3.0,0.0,100000.0,CuPy failed to load nvrtc64_120_0.dll: FileNotFoundError: Could not find module 'nvrtc64_120_0.dll' (or one of its dependencies). Try using the full path with constructor syntax.
135,75,50,100,5.0,0.0,100000.0,CuPy failed to load nvrtc64_120_0.dll: FileNotFoundError: Could not find module 'nvrtc64_120_0.dll' (or one of its dependencies). Try using the full path with constructor syntax.
136,75,50,200,1.5,0.0,100000.0,CuPy failed to load nvrtc64_120_0.dll: FileNotFoundError: Could not find module 'nvrtc64_120_0.dll' (or one of its dependencies). Try using the full path with constructor syntax.
137,75,50,200,2.0,0.0,100000.0,CuPy failed to load nvrtc64_120_0.dll: FileNotFoundError: Could not find module 'nvrtc64_120_0.dll' (or one of its dependencies). Try using the full path with constructor syntax.
138,75,50,200,3.0,0.0,100000.0,CuPy failed to load nvrtc64_120_0.dll: FileNotFoundError: Could not find module 'nvrtc64_120_0.dll' (or one of its dependencies). Try using the full path with constructor syntax.
139,75,50,200,5.0,0.0,100000.0,CuPy failed to load nvrtc64_120_0.dll: FileNotFoundError: Could not find module 'nvrtc64_120_0.dll' (or one of its dependencies). Try using the full path with constructor syntax.
140,75,50,500,1.5,0.0,100000.0,CuPy failed to load nvrtc64_120_0.dll: FileNotFoundError: Could not find module 'nvrtc64_120_0.dll' (or one of its dependencies). Try using the full path with constructor syntax.
141,75,50,500,2.0,0.0,100000.0,CuPy failed to load nvrtc64_120_0.dll: FileNotFoundError: Could not find module 'nvrtc64_120_0.dll' (or one of its dependencies). Try using the full path with constructor syntax.
142,75,50,500,3.0,0.0,100000.0,CuPy failed to load nvrtc64_120_0.dll: FileNotFoundError: Could not find module 'nvrtc64_120_0.dll' (or one of its dependencies). Try using the full path with constructor syntax.
143,75,50,500,5.0,0.0,100000.0,CuPy failed to load nvrtc64_120_0.dll: FileNotFoundError: Could not find module 'nvrtc64_120_0.dll' (or one of its dependencies). Try using the full path with constructor syntax.
144,75,100,50,1.5,0.0,100000.0,CuPy failed to load nvrtc64_120_0.dll: FileNotFoundError: Could not find module 'nvrtc64_120_0.dll' (or one of its dependencies). Try using the full path with constructor syntax.
145,75,100,50,2.0,0.0,100000.0,CuPy failed to load nvrtc64_120_0.dll: FileNotFoundError: Could not find module 'nvrtc64_120_0.dll' (or one of its dependencies). Try using the full path with constructor syntax.
146,75,100,50,3.0,0.0,100000.0,CuPy failed to load nvrtc64_120_0.dll: FileNotFoundError: Could not find module 'nvrtc64_120_0.dll' (or one of its dependencies). Try using the full path with constructor syntax.
147,75,100,50,5.0,0.0,100000.0,CuPy failed to load nvrtc64_120_0.dll: FileNotFoundError: Could not find module 'nvrtc64_120_0.dll' (or one of its dependencies). Try using the full path with constructor syntax.
148,75,100,100,1.5,0.0,100000.0,CuPy failed to load nvrtc64_120_0.dll: FileNotFoundError: Could not find module 'nvrtc64_120_0.dll' (or one of its dependencies). Try using the full path with constructor syntax.
149,75,100,100,2.0,0.0,100000.0,CuPy failed to load nvrtc64_120_0.dll: FileNotFoundError: Could not find module 'nvrtc64_120_0.dll' (or one of its dependencies). Try using the full path with constructor syntax.
150,75,100,100,3.0,0.0,100000.0,CuPy failed to load nvrtc64_120_0.dll: FileNotFoundError: Could not find module 'nvrtc64_120_0.dll' (or one of its dependencies). Try using the full path with constructor syntax.
151,75,100,100,5.0,0.0,100000.0,CuPy failed to load nvrtc64_120_0.dll: FileNotFoundError: Could not find module 'nvrtc64_120_0.dll' (or one of its dependencies). Try using the full path with constructor syntax.
152,75,100,200,1.5,0.0,100000.0,CuPy failed to load nvrtc64_120_0.dll: FileNotFoundError: Could not find module 'nvrtc64_120_0.dll' (or one of its dependencies). Try using the full path with constructor syntax.
153,75,100,200,2.0,0.0,100000.0,CuPy failed to load nvrtc64_120_0.dll: FileNotFoundError: Could not find module 'nvrtc64_120_0.dll' (or one of its dependencies). Try using the full path with constructor syntax.
154,75,100,200,3.0,0.0,100000.0,CuPy failed to load nvrtc64_120_0.dll: FileNotFoundError: Could not find module 'nvrtc64_120_0.dll' (or one of its dependencies). Try using the full path with constructor syntax.
155,75,100,200,5.0,0.0,100000.0,CuPy failed to load nvrtc64_120_0.dll: FileNotFoundError: Could not find module 'nvrtc64_120_0.dll' (or one of its dependencies). Try using the full path with constructor syntax.
156,75,100,500,1.5,0.0,100000.0,CuPy failed to load nvrtc64_120_0.dll: FileNotFoundError: Could not find module 'nvrtc64_120_0.dll' (or one of its dependencies). Try using the full path with constructor syntax.
157,75,100,500,2.0,0.0,100000.0,CuPy failed to load nvrtc64_120_0.dll: FileNotFoundError: Could not find module 'nvrtc64_120_0.dll' (or one of its dependencies). Try using the full path with constructor syntax.
158,75,100,500,3.0,0.0,100000.0,CuPy failed to load nvrtc64_120_0.dll: FileNotFoundError: Could not find module 'nvrtc64_120_0.dll' (or one of its dependencies). Try using the full path with constructor syntax.
159,75,100,500,5.0,0.0,100000.0,CuPy failed to load nvrtc64_120_0.dll: FileNotFoundError: Could not find module 'nvrtc64_120_0.dll' (or one of its dependencies). Try using the full path with constructor syntax.
160,75,150,50,1.5,0.0,100000.0,CuPy failed to load nvrtc64_120_0.dll: FileNotFoundError: Could not find module 'nvrtc64_120_0.dll' (or one of its dependencies). Try using the full path with constructor syntax.
161,75,150,50,2.0,0.0,100000.0,CuPy failed to load nvrtc64_120_0.dll: FileNotFoundError: Could not find module 'nvrtc64_120_0.dll' (or one of its dependencies). Try using the full path with constructor syntax.
162,75,150,50,3.0,0.0,100000.0,CuPy failed to load nvrtc64_120_0.dll: FileNotFoundError: Could not find module 'nvrtc64_120_0.dll' (or one of its dependencies). Try using the full path with constructor syntax.
163,75,150,50,5.0,0.0,100000.0,CuPy failed to load nvrtc64_120_0.dll: FileNotFoundError: Could not find module 'nvrtc64_120_0.dll' (or one of its dependencies). Try using the full path with constructor syntax.
164,75,150,100,1.5,0.0,100000.0,CuPy failed to load nvrtc64_120_0.dll: FileNotFoundError: Could not find module 'nvrtc64_120_0.dll' (or one of its dependencies). Try using the full path with constructor syntax.
165,75,150,100,2.0,0.0,100000.0,CuPy failed to load nvrtc64_120_0.dll: FileNotFoundError: Could not find module 'nvrtc64_120_0.dll' (or one of its dependencies). Try using the full path with constructor syntax.
166,75,150,100,3.0,0.0,100000.0,CuPy failed to load nvrtc64_120_0.dll: FileNotFoundError: Could not find module 'nvrtc64_120_0.dll' (or one of its dependencies). Try using the full path with constructor syntax.
167,75,150,100,5.0,0.0,100000.0,CuPy failed to load nvrtc64_120_0.dll: FileNotFoundError: Could not find module 'nvrtc64_120_0.dll' (or one of its dependencies). Try using the full path with constructor syntax.
168,75,150,200,1.5,0.0,100000.0,CuPy failed to load nvrtc64_120_0.dll: FileNotFoundError: Could not find module 'nvrtc64_120_0.dll' (or one of its dependencies). Try using the full path with constructor syntax.
169,75,150,200,2.0,0.0,100000.0,CuPy failed to load nvrtc64_120_0.dll: FileNotFoundError: Could not find module 'nvrtc64_120_0.dll' (or one of its dependencies). Try using the full path with constructor syntax.
170,75,150,200,3.0,0.0,100000.0,CuPy failed to load nvrtc64_120_0.dll: FileNotFoundError: Could not find module 'nvrtc64_120_0.dll' (or one of its dependencies). Try using the full path with constructor syntax.
171,75,150,200,5.0,0.0,100000.0,CuPy failed to load nvrtc64_120_0.dll: FileNotFoundError: Could not find module 'nvrtc64_120_0.dll' (or one of its dependencies). Try using the full path with constructor syntax.
172,75,150,500,1.5,0.0,100000.0,CuPy failed to load nvrtc64_120_0.dll: FileNotFoundError: Could not find module 'nvrtc64_120_0.dll' (or one of its dependencies). Try using the full path with constructor syntax.
173,75,150,500,2.0,0.0,100000.0,CuPy failed to load nvrtc64_120_0.dll: FileNotFoundError: Could not find module 'nvrtc64_120_0.dll' (or one of its dependencies). Try using the full path with constructor syntax.
174,75,150,500,3.0,0.0,100000.0,CuPy failed to load nvrtc64_120_0.dll: FileNotFoundError: Could not find module 'nvrtc64_120_0.dll' (or one of its dependencies). Try using the full path with constructor syntax.
175,75,150,500,5.0,0.0,100000.0,CuPy failed to load nvrtc64_120_0.dll: FileNotFoundError: Could not find module 'nvrtc64_120_0.dll' (or one of its dependencies). Try using the full path with constructor syntax.
176,75,200,50,1.5,0.0,100000.0,CuPy failed to load nvrtc64_120_0.dll: FileNotFoundError: Could not find module 'nvrtc64_120_0.dll' (or one of its dependencies). Try using the full path with constructor syntax.
177,75,200,50,2.0,0.0,100000.0,CuPy failed to load nvrtc64_120_0.dll: FileNotFoundError: Could not find module 'nvrtc64_120_0.dll' (or one of its dependencies). Try using the full path with constructor syntax.
178,75,200,50,3.0,0.0,100000.0,CuPy failed to load nvrtc64_120_0.dll: FileNotFoundError: Could not find module 'nvrtc64_120_0.dll' (or one of its dependencies). Try using the full path with constructor syntax.
179,75,200,50,5.0,0.0,100000.0,CuPy failed to load nvrtc64_120_0.dll: FileNotFoundError: Could not find module 'nvrtc64_120_0.dll' (or one of its dependencies). Try using the full path with constructor syntax.
180,75,200,100,1.5,0.0,100000.0,CuPy failed to load nvrtc64_120_0.dll: FileNotFoundError: Could not find module 'nvrtc64_120_0.dll' (or one of its dependencies). Try using the full path with constructor syntax.
181,75,200,100,2.0,0.0,100000.0,CuPy failed to load nvrtc64_120_0.dll: FileNotFoundError: Could not find module 'nvrtc64_120_0.dll' (or one of its dependencies). Try using the full path with constructor syntax.
182,75,200,100,3.0,0.0,100000.0,CuPy failed to load nvrtc64_120_0.dll: FileNotFoundError: Could not find module 'nvrtc64_120_0.dll' (or one of its dependencies). Try using the full path with constructor syntax.
183,75,200,100,5.0,0.0,100000.0,CuPy failed to load nvrtc64_120_0.dll: FileNotFoundError: Could not find module 'nvrtc64_120_0.dll' (or one of its dependencies). Try using the full path with constructor syntax.
184,75,200,200,1.5,0.0,100000.0,CuPy failed to load nvrtc64_120_0.dll: FileNotFoundError: Could not find module 'nvrtc64_120_0.dll' (or one of its dependencies). Try using the full path with constructor syntax.
185,75,200,200,2.0,0.0,100000.0,CuPy failed to load nvrtc64_120_0.dll: FileNotFoundError: Could not find module 'nvrtc64_120_0.dll' (or one of its dependencies). Try using the full path with constructor syntax.
186,75,200,200,3.0,0.0,100000.0,CuPy failed to load nvrtc64_120_0.dll: FileNotFoundError: Could not find module 'nvrtc64_120_0.dll' (or one of its dependencies). Try using the full path with constructor syntax.
187,75,200,200,5.0,0.0,100000.0,CuPy failed to load nvrtc64_120_0.dll: FileNotFoundError: Could not find module 'nvrtc64_120_0.dll' (or one of its dependencies). Try using the full path with constructor syntax.
188,75,200,500,1.5,0.0,100000.0,CuPy failed to load nvrtc64_120_0.dll: FileNotFoundError: Could not find module 'nvrtc64_120_0.dll' (or one of its dependencies). Try using the full path with constructor syntax.
189,75,200,500,2.0,0.0,100000.0,CuPy failed to load nvrtc64_120_0.dll: FileNotFoundError: Could not find module 'nvrtc64_120_0.dll' (or one of its dependencies). Try using the full path with constructor syntax.
190,75,200,500,3.0,0.0,100000.0,CuPy failed to load nvrtc64_120_0.dll: FileNotFoundError: Could not find module 'nvrtc64_120_0.dll' (or one of its dependencies). Try using the full path with constructor syntax.
191,75,200,500,5.0,0.0,100000.0,CuPy failed to load nvrtc64_120_0.dll: FileNotFoundError: Could not find module 'nvrtc64_120_0.dll' (or one of its dependencies). Try using the full path with constructor syntax.
192,100,50,50,1.5,0.0,100000.0,CuPy failed to load nvrtc64_120_0.dll: FileNotFoundError: Could not find module 'nvrtc64_120_0.dll' (or one of its dependencies). Try using the full path with constructor syntax.
193,100,50,50,2.0,0.0,100000.0,CuPy failed to load nvrtc64_120_0.dll: FileNotFoundError: Could not find module 'nvrtc64_120_0.dll' (or one of its dependencies). Try using the full path with constructor syntax.
194,100,50,50,3.0,0.0,100000.0,CuPy failed to load nvrtc64_120_0.dll: FileNotFoundError: Could not find module 'nvrtc64_120_0.dll' (or one of its dependencies). Try using the full path with constructor syntax.
195,100,50,50,5.0,0.0,100000.0,CuPy failed to load nvrtc64_120_0.dll: FileNotFoundError: Could not find module 'nvrtc64_120_0.dll' (or one of its dependencies). Try using the full path with constructor syntax.
196,100,50,100,1.5,0.0,100000.0,CuPy failed to load nvrtc64_120_0.dll: FileNotFoundError: Could not find module 'nvrtc64_120_0.dll' (or one of its dependencies). Try using the full path with constructor syntax.
197,100,50,100,2.0,0.0,100000.0,CuPy failed to load nvrtc64_120_0.dll: FileNotFoundError: Could not find module 'nvrtc64_120_0.dll' (or one of its dependencies). Try using the full path with constructor syntax.
198,100,50,100,3.0,0.0,100000.0,CuPy failed to load nvrtc64_120_0.dll: FileNotFoundError: Could not find module 'nvrtc64_120_0.dll' (or one of its dependencies). Try using the full path with constructor syntax.
199,100,50,100,5.0,0.0,100000.0,CuPy failed to load nvrtc64_120_0.dll: FileNotFoundError: Could not find module 'nvrtc64_120_0.dll' (or one of its dependencies). Try using the full path with constructor syntax.
200,100,50,200,1.5,0.0,100000.0,CuPy failed to load nvrtc64_120_0.dll: FileNotFoundError: Could not find module 'nvrtc64_120_0.dll' (or one of its dependencies). Try using the full path with constructor syntax.
201,100,50,200,2.0,0.0,100000.0,CuPy failed to load nvrtc64_120_0.dll: FileNotFoundError: Could not find module 'nvrtc64_120_0.dll' (or one of its dependencies). Try using the full path with constructor syntax.
202,100,50,200,3.0,0.0,100000.0,CuPy failed to load nvrtc64_120_0.dll: FileNotFoundError: Could not find module 'nvrtc64_120_0.dll' (or one of its dependencies). Try using the full path with constructor syntax.
203,100,50,200,5.0,0.0,100000.0,CuPy failed to load nvrtc64_120_0.dll: FileNotFoundError: Could not find module 'nvrtc64_120_0.dll' (or one of its dependencies). Try using the full path with constructor syntax.
204,100,50,500,1.5,0.0,100000.0,CuPy failed to load nvrtc64_120_0.dll: FileNotFoundError: Could not find module 'nvrtc64_120_0.dll' (or one of its dependencies). Try using the full path with constructor syntax.
205,100,50,500,2.0,0.0,100000.0,CuPy failed to load nvrtc64_120_0.dll: FileNotFoundError: Could not find module 'nvrtc64_120_0.dll' (or one of its dependencies). Try using the full path with constructor syntax.
206,100,50,500,3.0,0.0,100000.0,CuPy failed to load nvrtc64_120_0.dll: FileNotFoundError: Could not find module 'nvrtc64_120_0.dll' (or one of its dependencies). Try using the full path with constructor syntax.
207,100,50,500,5.0,0.0,100000.0,CuPy failed to load nvrtc64_120_0.dll: FileNotFoundError: Could not find module 'nvrtc64_120_0.dll' (or one of its dependencies). Try using the full path with constructor syntax.
208,100,100,50,1.5,0.0,100000.0,CuPy failed to load nvrtc64_120_0.dll: FileNotFoundError: Could not find module 'nvrtc64_120_0.dll' (or one of its dependencies). Try using the full path with constructor syntax.
209,100,100,50,2.0,0.0,100000.0,CuPy failed to load nvrtc64_120_0.dll: FileNotFoundError: Could not find module 'nvrtc64_120_0.dll' (or one of its dependencies). Try using the full path with constructor syntax.
210,100,100,50,3.0,0.0,100000.0,CuPy failed to load nvrtc64_120_0.dll: FileNotFoundError: Could not find module 'nvrtc64_120_0.dll' (or one of its dependencies). Try using the full path with constructor syntax.
211,100,100,50,5.0,0.0,100000.0,CuPy failed to load nvrtc64_120_0.dll: FileNotFoundError: Could not find module 'nvrtc64_120_0.dll' (or one of its dependencies). Try using the full path with constructor syntax.
212,100,100,100,1.5,0.0,100000.0,CuPy failed to load nvrtc64_120_0.dll: FileNotFoundError: Could not find module 'nvrtc64_120_0.dll' (or one of its dependencies). Try using the full path with constructor syntax.
213,100,100,100,2.0,0.0,100000.0,CuPy failed to load nvrtc64_120_0.dll: FileNotFoundError: Could not find module 'nvrtc64_120_0.dll' (or one of its dependencies). Try using the full path with constructor syntax.
214,100,100,100,3.0,0.0,100000.0,CuPy failed to load nvrtc64_120_0.dll: FileNotFoundError: Could not find module 'nvrtc64_120_0.dll' (or one of its dependencies). Try using the full path with constructor syntax.
215,100,100,100,5.0,0.0,100000.0,CuPy failed to load nvrtc64_120_0.dll: FileNotFoundError: Could not find module 'nvrtc64_120_0.dll' (or one of its dependencies). Try using the full path with constructor syntax.
216,100,100,200,1.5,0.0,100000.0,CuPy failed to load nvrtc64_120_0.dll: FileNotFoundError: Could not find module 'nvrtc64_120_0.dll' (or one of its dependencies). Try using the full path with constructor syntax.
217,100,100,200,2.0,0.0,100000.0,CuPy failed to load nvrtc64_120_0.dll: FileNotFoundError: Could not find module 'nvrtc64_120_0.dll' (or one of its dependencies). Try using the full path with constructor syntax.
218,100,100,200,3.0,0.0,100000.0,CuPy failed to load nvrtc64_120_0.dll: FileNotFoundError: Could not find module 'nvrtc64_120_0.dll' (or one of its dependencies). Try using the full path with constructor syntax.
219,100,100,200,5.0,0.0,100000.0,CuPy failed to load nvrtc64_120_0.dll: FileNotFoundError: Could not find module 'nvrtc64_120_0.dll' (or one of its dependencies). Try using the full path with constructor syntax.
220,100,100,500,1.5,0.0,100000.0,CuPy failed to load nvrtc64_120_0.dll: FileNotFoundError: Could not find module 'nvrtc64_120_0.dll' (or one of its dependencies). Try using the full path with constructor syntax.
221,100,100,500,2.0,0.0,100000.0,CuPy failed to load nvrtc64_120_0.dll: FileNotFoundError: Could not find module 'nvrtc64_120_0.dll' (or one of its dependencies). Try using the full path with constructor syntax.
222,100,100,500,3.0,0.0,100000.0,CuPy failed to load nvrtc64_120_0.dll: FileNotFoundError: Could not find module 'nvrtc64_120_0.dll' (or one of its dependencies). Try using the full path with constructor syntax.
223,100,100,500,5.0,0.0,100000.0,CuPy failed to load nvrtc64_120_0.dll: FileNotFoundError: Could not find module 'nvrtc64_120_0.dll' (or one of its dependencies). Try using the full path with constructor syntax.
224,100,150,50,1.5,0.0,100000.0,CuPy failed to load nvrtc64_120_0.dll: FileNotFoundError: Could not find module 'nvrtc64_120_0.dll' (or one of its dependencies). Try using the full path with constructor syntax.
225,100,150,50,2.0,0.0,100000.0,CuPy failed to load nvrtc64_120_0.dll: FileNotFoundError: Could not find module 'nvrtc64_120_0.dll' (or one of its dependencies). Try using the full path with constructor syntax.
226,100,150,50,3.0,0.0,100000.0,CuPy failed to load nvrtc64_120_0.dll: FileNotFoundError: Could not find module 'nvrtc64_120_0.dll' (or one of its dependencies). Try using the full path with constructor syntax.
227,100,150,50,5.0,0.0,100000.0,CuPy failed to load nvrtc64_120_0.dll: FileNotFoundError: Could not find module 'nvrtc64_120_0.dll' (or one of its dependencies). Try using the full path with constructor syntax.
228,100,150,100,1.5,0.0,100000.0,CuPy failed to load nvrtc64_120_0.dll: FileNotFoundError: Could not find module 'nvrtc64_120_0.dll' (or one of its dependencies). Try using the full path with constructor syntax.
229,100,150,100,2.0,0.0,100000.0,CuPy failed to load nvrtc64_120_0.dll: FileNotFoundError: Could not find module 'nvrtc64_120_0.dll' (or one of its dependencies). Try using the full path with constructor syntax.
230,100,150,100,3.0,0.0,100000.0,CuPy failed to load nvrtc64_120_0.dll: FileNotFoundError: Could not find module 'nvrtc64_120_0.dll' (or one of its dependencies). Try using the full path with constructor syntax.
231,100,150,100,5.0,0.0,100000.0,CuPy failed to load nvrtc64_120_0.dll: FileNotFoundError: Could not find module 'nvrtc64_120_0.dll' (or one of its dependencies). Try using the full path with constructor syntax.
232,100,150,200,1.5,0.0,100000.0,CuPy failed to load nvrtc64_120_0.dll: FileNotFoundError: Could not find module 'nvrtc64_120_0.dll' (or one of its dependencies). Try using the full path with constructor syntax.
233,100,150,200,2.0,0.0,100000.0,CuPy failed to load nvrtc64_120_0.dll: FileNotFoundError: Could not find module 'nvrtc64_120_0.dll' (or one of its dependencies). Try using the full path with constructor syntax.
234,100,150,200,3.0,0.0,100000.0,CuPy failed to load nvrtc64_120_0.dll: FileNotFoundError: Could not find module 'nvrtc64_120_0.dll' (or one of its dependencies). Try using the full path with constructor syntax.
235,100,150,200,5.0,0.0,100000.0,CuPy failed to load nvrtc64_120_0.dll: FileNotFoundError: Could not find module 'nvrtc64_120_0.dll' (or one of its dependencies). Try using the full path with constructor syntax.
236,100,150,500,1.5,0.0,100000.0,CuPy failed to load nvrtc64_120_0.dll: FileNotFoundError: Could not find module 'nvrtc64_120_0.dll' (or one of its dependencies). Try using the full path with constructor syntax.
237,100,150,500,2.0,0.0,100000.0,CuPy failed to load nvrtc64_120_0.dll: FileNotFoundError: Could not find module 'nvrtc64_120_0.dll' (or one of its dependencies). Try using the full path with constructor syntax.
238,100,150,500,3.0,0.0,100000.0,CuPy failed to load nvrtc64_120_0.dll: FileNotFoundError: Could not find module 'nvrtc64_120_0.dll' (or one of its dependencies). Try using the full path with constructor syntax.
239,100,150,500,5.0,0.0,100000.0,CuPy failed to load nvrtc64_120_0.dll: FileNotFoundError: Could not find module 'nvrtc64_120_0.dll' (or one of its dependencies). Try using the full path with constructor syntax.
240,100,200,50,1.5,0.0,100000.0,CuPy failed to load nvrtc64_120_0.dll: FileNotFoundError: Could not find module 'nvrtc64_120_0.dll' (or one of its dependencies). Try using the full path with constructor syntax.
241,100,200,50,2.0,0.0,100000.0,CuPy failed to load nvrtc64_120_0.dll: FileNotFoundError: Could not find module 'nvrtc64_120_0.dll' (or one of its dependencies). Try using the full path with constructor syntax.
242,100,200,50,3.0,0.0,100000.0,CuPy failed to load nvrtc64_120_0.dll: FileNotFoundError: Could not find module 'nvrtc64_120_0.dll' (or one of its dependencies). Try using the full path with constructor syntax.
243,100,200,50,5.0,0.0,100000.0,CuPy failed to load nvrtc64_120_0.dll: FileNotFoundError: Could not find module 'nvrtc64_120_0.dll' (or one of its dependencies). Try using the full path with constructor syntax.
244,100,200,100,1.5,0.0,100000.0,CuPy failed to load nvrtc64_120_0.dll: FileNotFoundError: Could not find module 'nvrtc64_120_0.dll' (or one of its dependencies). Try using the full path with constructor syntax.
245,100,200,100,2.0,0.0,100000.0,CuPy failed to load nvrtc64_120_0.dll: FileNotFoundError: Could not find module 'nvrtc64_120_0.dll' (or one of its dependencies). Try using the full path with constructor syntax.
246,100,200,100,3.0,0.0,100000.0,CuPy failed to load nvrtc64_120_0.dll: FileNotFoundError: Could not find module 'nvrtc64_120_0.dll' (or one of its dependencies). Try using the full path with constructor syntax.
247,100,200,100,5.0,0.0,100000.0,CuPy failed to load nvrtc64_120_0.dll: FileNotFoundError: Could not find module 'nvrtc64_120_0.dll' (or one of its dependencies). Try using the full path with constructor syntax.
248,100,200,200,1.5,0.0,100000.0,CuPy failed to load nvrtc64_120_0.dll: FileNotFoundError: Could not find module 'nvrtc64_120_0.dll' (or one of its dependencies). Try using the full path with constructor syntax.
249,100,200,200,2.0,0.0,100000.0,CuPy failed to load nvrtc64_120_0.dll: FileNotFoundError: Could not find module 'nvrtc64_120_0.dll' (or one of its dependencies). Try using the full path with constructor syntax.
250,100,200,200,3.0,0.0,100000.0,CuPy failed to load nvrtc64_120_0.dll: FileNotFoundError: Could not find module 'nvrtc64_120_0.dll' (or one of its dependencies). Try using the full path with constructor syntax.
251,100,200,200,5.0,0.0,100000.0,CuPy failed to load nvrtc64_120_0.dll: FileNotFoundError: Could not find module 'nvrtc64_120_0.dll' (or one of its dependencies). Try using the full path with constructor syntax.
252,100,200,500,1.5,0.0,100000.0,CuPy failed to load nvrtc64_120_0.dll: FileNotFoundError: Could not find module 'nvrtc64_120_0.dll' (or one of its dependencies). Try using the full path with constructor syntax.
253,100,200,500,2.0,0.0,100000.0,CuPy failed to load nvrtc64_120_0.dll: FileNotFoundError: Could not find module 'nvrtc64_120_0.dll' (or one of its dependencies). Try using the full path with constructor syntax.
254,100,200,500,3.0,0.0,100000.0,CuPy failed to load nvrtc64_120_0.dll: FileNotFoundError: Could not find module 'nvrtc64_120_0.dll' (or one of its dependencies). Try using the full path with constructor syntax.
255,100,200,500,5.0,0.0,100000.0,CuPy failed to load nvrtc64_120_0.dll: FileNotFoundError: Could not find module 'nvrtc64_120_0.dll' (or one of its dependencies). Try using the full path with constructor syntax.
